GROUP,PACKAGE,CLASS,INSTRUCTION_MISSED,INSTRUCTION_COVERED,BRANCH_MISSED,BRANCH_COVERED,LINE_MISSED,LINE_COVERED,COMPLEXITY_MISSED,COMPLEXITY_COVERED,METHOD_MISSED,METHOD_COVERED
p2p,com.finovago.p2p.dto,RefundRequest,0,15,0,0,0,1,0,1,0,1
p2p,com.finovago.p2p.dto,GiftCardResponse,0,18,0,0,0,1,0,1,0,1
p2p,com.finovago.p2p.dto,HoldResponse,0,15,0,0,0,1,0,1,0,1
p2p,com.finovago.p2p.dto,LoginRequest,0,9,0,0,0,1,0,1,0,1
p2p,com.finovago.p2p.dto,RedemptionRequest,0,9,0,0,0,1,0,1,0,1
p2p,com.finovago.p2p.dto,RedemptionResponse,0,15,0,0,0,1,0,1,0,1
p2p,com.finovago.p2p.dto,CreditRequest,0,12,0,0,0,1,0,1,0,1
p2p,com.finovago.p2p.dto,RefreshTokenRequest,0,6,0,0,0,1,0,1,0,1
p2p,com.finovago.p2p.dto,ReserveRequest,0,9,0,0,0,1,0,1,0,1
p2p,com.finovago.p2p.dto,LedgerEntryResponse,0,24,0,0,0,1,0,1,0,1
p2p,com.finovago.p2p.dto,RefundResponse,0,12,0,0,0,1,0,1,0,1
p2p,com.finovago.p2p.dto,GiftCardCreateRequest,0,15,0,0,0,1,0,1,0,1
p2p,com.finovago.p2p.dto,RegisterRequest,0,12,0,0,0,1,0,1,0,1
p2p,com.finovago.p2p.dto,AddMerchantUserRequest,0,12,0,0,0,1,0,1,0,1
p2p,com.finovago.p2p.dto,CreditResponse,0,12,0,0,0,1,0,1,0,1
p2p,com.finovago.p2p.dto,AuthResponse,0,9,0,0,0,1,0,1,0,1
p2p,com.finovago.p2p.exception,UnknownGiftCardException,0,4,0,0,0,2,0,1,0,1
p2p,com.finovago.p2p.exception,LedgerEntryNotFoundException,0,4,0,0,0,2,0,1,0,1
p2p,com.finovago.p2p.exception,InsufficientAvailableBalanceException,0,4,0,0,0,2,0,1,0,1
p2p,com.finovago.p2p.exception,MerchantNotFoundException,0,4,0,0,0,2,0,1,0,1
p2p,com.finovago.p2p.exception,InvalidRefreshTokenException,0,4,0,0,0,2,0,1,0,1
p2p,com.finovago.p2p.exception,GlobalExceptionHandler,56,249,0,0,20,87,4,19,4,19
p2p,com.finovago.p2p.exception,UserAlreadyExistsException,0,4,0,0,0,2,0,1,0,1
p2p,com.finovago.p2p.exception,IdempotencyKeyInProgressException,0,4,0,0,0,2,0,1,0,1
p2p,com.finovago.p2p.exception,ExpiredGiftCardException,0,4,0,0,0,2,0,1,0,1
p2p,com.finovago.p2p.exception,IdempotencyKeyConflictException,0,4,0,0,0,2,0,1,0,1
p2p,com.finovago.p2p.exception,RefundExceedsOriginalAmountException,0,4,0,0,0,2,0,1,0,1
p2p,com.finovago.p2p.exception,HoldAlreadyFinalizedException,0,4,0,0,0,2,0,1,0,1
p2p,com.finovago.p2p.exception,InactiveGiftCardException,0,4,0,0,0,2,0,1,0,1
p2p,com.finovago.p2p.exception,ServiceAccountNotAllowedException,0,4,0,0,0,2,0,1,0,1
p2p,com.finovago.p2p.exception,InvalidRefundTargetException,0,4,0,0,0,2,0,1,0,1
p2p,com.finovago.p2p.exception,HoldNotFoundException,0,4,0,0,0,2,0,1,0,1
p2p,com.finovago.p2p.scheduler,LedgerReconciliationScheduler,0,76,0,4,0,17,0,5,0,3
p2p,com.finovago.p2p.scheduler,RefreshTokenCleanupScheduler,6,22,0,0,2,8,0,3,0,3
p2p,com.finovago.p2p.scheduler,IdempotencyKeyCleanupScheduler,0,28,0,0,0,10,0,3,0,3
p2p,com.finovago.p2p.scheduler,LedgerPartitionMonitorScheduler,0,63,0,4,0,20,0,7,0,5
p2p,com.finovago.p2p.scheduler,HoldExpirationScheduler,8,59,0,4,2,17,0,5,0,3
p2p,com.finovago.p2p.security,CurrentUserContext,5,39,1,3,1,10,1,6,0,5
p2p,com.finovago.p2p.security,UserPrincipal,0,24,0,0,0,4,0,4,0,4
p2p,com.finovago.p2p.security,JwtService,0,124,0,0,0,29,0,13,0,13
p2p,com.finovago.p2p.security,JwtAccessDeniedHandler,0,26,0,0,0,7,0,2,0,2
p2p,com.finovago.p2p.security,AuthenticatedUser,0,18,0,0,0,2,0,2,0,2
p2p,com.finovago.p2p.security,JwtAuthenticationFilter,32,124,9,11,8,31,8,6,0,4
p2p,com.finovago.p2p.security,JwtAuthenticationEntryPoint,0,26,0,0,0,7,0,2,0,2
p2p,com.finovago.p2p,P2pApplication,5,3,0,0,2,1,1,1,1,1
p2p,com.finovago.p2p.controller,HealthController,3,3,0,0,1,1,1,1,1,1
p2p,com.finovago.p2p.controller,GiftCardController,110,69,0,0,15,15,6,6,6,6
p2p,com.finovago.p2p.controller,AuthController,8,166,3,3,2,42,3,8,0,8
p2p,com.finovago.p2p.service,IdempotencyKeyService,16,174,0,6,4,40,1,14,1,11
p2p,com.finovago.p2p.service,LedgerService,0,94,0,4,0,21,0,11,0,9
p2p,com.finovago.p2p.service,UserService,0,26,0,0,0,6,0,3,0,3
p2p,com.finovago.p2p.service,AuthService,0,297,0,8,0,57,0,14,0,10
p2p,com.finovago.p2p.service,GiftCardRefundService,0,218,0,6,0,40,0,9,0,6
p2p,com.finovago.p2p.service,RefreshTokenService,7,154,0,4,2,38,0,11,0,9
p2p,com.finovago.p2p.service,GiftCardCreditService,0,187,0,8,0,37,0,10,0,6
p2p,com.finovago.p2p.service,GiftCardService,0,453,1,17,0,95,1,24,0,16
p2p,com.finovago.p2p.service,GiftCardHoldService,5,437,0,16,0,72,1,19,1,11
p2p,com.finovago.p2p.logging,LevelColorConverter,42,0,0,0,9,0,3,0,3,0
p2p,com.finovago.p2p.config,ResponseTimeFilter.TimingResponseWrapper,0,46,1,3,0,14,1,6,0,5
p2p,com.finovago.p2p.config,ResponseTimeFilter.TimingResponseWrapper.new ServletOutputStream() {...},17,19,0,0,6,4,3,2,3,2
p2p,com.finovago.p2p.config,AsyncConfig,0,25,0,0,0,8,0,2,0,2
p2p,com.finovago.p2p.config,MdcFilter,0,32,1,3,0,11,1,5,0,4
p2p,com.finovago.p2p.config,StartupLog,1,22,1,1,0,6,1,2,0,2
p2p,com.finovago.p2p.config,RateLimitFilter,23,225,2,8,2,53,3,15,2,11
p2p,com.finovago.p2p.config,DataInitializer,58,0,2,0,10,0,3,0,2,0
p2p,com.finovago.p2p.config,OpenApiConfig,0,87,0,0,0,13,0,4,0,4
p2p,com.finovago.p2p.config,AsyncConfig.MdcTaskDecorator,0,17,0,2,0,8,0,4,0,3
p2p,com.finovago.p2p.config,RateLimitFilter.BucketEntry,0,9,0,0,0,1,0,1,0,1
p2p,com.finovago.p2p.config,ResponseTimeFilter,0,60,0,6,0,15,0,7,0,4
p2p,com.finovago.p2p.config,SecurityConfig,0,186,0,0,0,25,0,11,0,11
p2p,com.finovago.p2p.model,User,0,26,0,0,0,9,0,2,0,2
p2p,com.finovago.p2p.model,IdempotencyStatus,0,15,0,0,0,3,0,1,0,1
p2p,com.finovago.p2p.model,LedgerEntry,0,55,0,0,0,16,0,3,0,3
p2p,com.finovago.p2p.model,IdempotencyKey,0,41,0,2,0,13,0,5,0,4
p2p,com.finovago.p2p.model,LedgerEntryType,0,45,0,0,0,8,0,1,0,1
p2p,com.finovago.p2p.model,Merchant,0,15,0,0,0,6,0,1,0,1
p2p,com.finovago.p2p.model,RefreshToken,0,27,0,0,0,10,0,3,0,3
p2p,com.finovago.p2p.model,Role,0,15,0,0,0,2,0,1,0,1
p2p,com.finovago.p2p.model,GiftCardHold,0,41,0,2,0,15,0,6,0,5
p2p,com.finovago.p2p.model,GiftCard,0,66,0,6,0,19,0,8,0,5
p2p,com.finovago.p2p.model,HoldStatus,0,27,0,0,0,5,0,1,0,1
